{"kind":"Deployment","apiVersion":"apps/v1","metadata":{"name":"external-dns","namespace":"test-namespace","creationTimestamp":null,"labels":{"app.kubernetes.io/managed-by":"aks-app-routing-operator","app.kubernetes.io/name":"external-dns"}},"spec":{"replicas":1,"selector":{"matchLabels":{"app":"external-dns"}},"template":{"metadata":{"creationTimestamp":null,"labels":{"app":"external-dns","app.kubernetes.io/managed-by":"aks-app-routing-operator","checksum/configmap":"6fc415798cf89a5f"}},"spec":{"volumes":[{"name":"azure-config","configMap":{"name":"external-dns"}}],"containers":[{"name":"controller","image":"mcr.microsoft.com/oss/kubernetes/external-dns:v0.11.0.2","args":["--provider=azure","--source=ingress","--interval=3m0s","--txt-owner-id=test-cluster-uid","--domain-filter=test-one.com","--domain-filter=test-two.com"],"resources":{"limits":{"cpu":"100m","memory":"250Mi"},"requests":{"cpu":"100m","memory":"250Mi"}},"volumeMounts":[{"name":"azure-config","readOnly":true,"mountPath":"/etc/kubernetes"}],"livenessProbe":{"httpGet":{"path":"/healthz","port":7979,"scheme":"HTTP"},"initialDelaySeconds":10,"timeoutSeconds":1,"periodSeconds":5,"successThreshold":1,"failureThreshold":3},"readinessProbe":{"httpGet":{"path":"/healthz","port":7979,"scheme":"HTTP"},"initialDelaySeconds":10,"timeoutSeconds":1,"periodSeconds":5,"successThreshold":1,"failureThreshold":3}}],"serviceAccountName":"external-dns","affinity":{"nodeAffinity":{"requiredDuringSchedulingIgnoredDuringExecution":{"nodeSelectorTerms":[{"matchExpressions":[{"key":"kubernetes.azure.com/cluster","operator":"Exists"},{"key":"type","operator":"NotIn","values":["virtual-kubelet"]},{"key":"kubernetes.io/os","operator":"In","values":["linux"]}]}]},"preferredDuringSchedulingIgnoredDuringExecution":[{"weight":100,"preference":{"matchExpressions":[{"key":"kubernetes.azure.com/mode","operator":"In","values":["system"]}]}}]}},"tolerations":[{"key":"CriticalAddonsOnly","operator":"Exists"}],"priorityClassName":"system-node-critical"}},"strategy":{},"revisionHistoryLimit":2},"status":{}}
