{"kind":"ClusterRole","apiVersion":"rbac.authorization.k8s.io/v1","metadata":{"name":"external-dns-private","creationTimestamp":null,"labels":{"app.kubernetes.io/managed-by":"aks-app-routing-operator","app.kubernetes.io/name":"external-dns-private"}},"rules":[{"verbs":["get","watch","list"],"apiGroups":[""],"resources":["endpoints","pods","services","configmaps"]},{"verbs":["get","watch","list"],"apiGroups":["extensions","networking.k8s.io"],"resources":["ingresses"]},{"verbs":["get","watch","list"],"apiGroups":[""],"resources":["nodes"]}]}
