{"kind":"ConfigMap","apiVersion":"v1","metadata":{"name":"external-dns-private","namespace":"test-namespace","creationTimestamp":null,"labels":{"app.kubernetes.io/managed-by":"aks-app-routing-operator","app.kubernetes.io/name":"external-dns-private"}},"data":{"azure.json":"{\"cloud\":\"\",\"location\":\"\",\"resourceGroup\":\"test-resource-group-private\",\"subscriptionId\":\"test-subscription-id\",\"tenantId\":\"test-tenant-id\",\"useManagedIdentityExtension\":true,\"userAssignedIdentityID\":\"\"}"}}
